,movie,lead
0,Uri: The Surgical Strike,Vicky Kaushal
1,Battalion 609,Vicky Ahuja
2,The Accidental Prime Minister (film),Anupam Kher
3,Why Cheat India,Emraan Hashmi
4,Evening Shadows,Mona Ambegaonkar
5,Soni (film),Geetika Vidya Ohlyan
6,Fraud Saiyaan,Arshad Warsi
7,Bombairiya,Radhika Apte
8,Manikarnika: The Queen of Jhansi,Kangana Ranaut
9,Thackeray (film),Nawazuddin Siddiqui
10,Amavas,Ali Asgar
11,Gully Boy,Ranveer Singh
12,Hum Chaar,Prit Kamani
13,Total Dhamaal,Ajay Devgn
14,Sonchiriya,Sushant Singh Rajput
15,Badla (2019 film),Amitabh Bachchan
16,Mard Ko Dard Nahi Hota,Abhimanyu Dasani
17,Hamid (film),Talha Arshad Reshi
18,Photograph (film),Nawazuddin Siddiqui
19,Risknamaa,Garima Agarwal
20,Mere Pyare Prime Minister,Rasika Agashe
21,22 Yards,Barun Sobti
22,Kesari (film),Akshay Kumar
23,Notebook (2019 film),Zaheer Iqbal
24,Junglee (2019 film),Vidyut Jammwal
25,Gone Kesh,Deepika Amin
26,Albert Pinto Ko Gussa Kyun Aata Hai?,Manav Kaul
27,The Tashkent Files,Naseeruddin Shah
28,Kalank,Varun Dhawan
29,Setters (film),Shreyas Talpade
30,Student of the Year 2,Tiger Shroff
31,PM Narendra Modi,Boman Irani
32,De De Pyaar De,Ajay Devgn
33,India's Most Wanted (film),Arjun Kapoor
34,Yeh Hai India,Gavie Chahal
35,Khamoshi (2019 film),Prabhu Deva
36,Kabir Singh,Shahid Kapoor
37,Article 15 (film),Ayushmann Khurrana
38,One Day: Justice Delivered,Anupam Kher
39,Hume Tumse Pyaar Kitna,Karanvir Bohra
40,Super 30 (film),Hrithik Roshan
41,Family of Thakurganj,Jimmy Sheirgill
42,Batla House,John Abraham
43,Jhootha Kahin Ka,Rishi Kapoor
44,Judgementall Hai Kya,Kangana Ranaut
45,Chicken Curry Law,Natalia Janoszek
46,Arjun Patiala,Diljit Dosanjh
47,Jabariya Jodi,Sidharth Malhotra
48,Pranaam,Rajeev Khandelwal
49,The Sky Is Pink,Zaira Wasim
50,Mission Mangal,Akshay Kumar
51,Saaho,Jacqueline Fernandez
52,Dream Girl (2019 film),Ayushmann Khurrana
53,Section 375,Akshaye Khanna
54,The Zoya Factor (film),Sonam Kapoor
55,Pal Pal Dil Ke Paas,Karan Deol
56,Prassthanam,Sanjay Dutt
57,P Se Pyaar F Se Faraar,Bhavesh Kumar
58,Ghost (2019 film),Sanaya Irani
59,Bala (2019 film),Ayushmann Khurrana
60,Yaaram (2019 film),Siddhanth Kapoor
61,Housefull 4,Akshay Kumar
62,Saand Ki Aankh,Taapsee Pannu
63,Made in China (2019 film),Rajkummar Rao
64,Ujda Chaman,Sunny Singh Nijjar
65,Bypass Road (film),Neil Nitin Mukesh
66,Satellite Shankar,Suraj Pancholi
67,Jhalki,Boman Irani
68,Marjaavaan,Riteish Deshmukh
69,Motichoor Chaknachoor,Nawazuddin Siddiqui
70,Keep Safe Distance (film),Shahbaaz Khan
71,Pagalpanti (2019 film),Kriti Kharbanda
72,Ramprasad Ki Tehrvi,Naseeruddin Shah
73,Yeh Saali Aashiqui,Vardhan Puri
74,Dil Bechara,Sushant Singh Rajput
75,Pati Patni Aur Woh (2019 film),Kartik Aaryan
76,Commando 3 (film),Vidyut Jammwal
77,Mardaani 2,Rani Mukerji
78,Dabangg 3,Salman Khan
79,Good Newwz,Akshay Kumar
80,Kaalakaandi,Saif Ali Khan
81,Vodka Diaries,Kay Kay Menon
82,My Birthday Song,Nora Fatehi
83,Nirdosh,Ashmit Patel
84,Mukkabaaz,Viineet Kumar
85,Union Leader (film),Rahul Bhat
86,Love per Square Foot,Vicky Kaushal
87,Aiyaary,Sidharth Malhotra
88,Padmaavat,Deepika Padukone
89,Kuchh Bheege Alfaaz,Geetanjali Thapa
90,Jaane Kyun De Yaaron,Akshay Anand
91,Veerey Ki Wedding,Pulkit Samrat
92,Sonu Ke Titu Ki Sweety,Kartik Aaryan
93,Hate Story 4,Lee Byford
94,Dil Juunglee,Taapsee Pannu
95,3 Storeys,Aisha Ahmed
96,Raid (2018 film),Ajay Devgn
97,Hichki,Rani Mukerji
98,Missing (2018 film),Manoj Bajpayee
99,Baaghi 2,Tiger Shroff
100,October (2018 film),Varun Dhawan
101,Mercury (film),Prabhu Deva
102,Beyond the Clouds (2017 film),Ishaan Khattar
103,Nanu Ki Jaanu,Abhay Deol
104,Daas Dev,Yogesh Raj Mishra
105,Omerta (film),Rajkummar Rao
106,Raazi,Alia Bhatt
107,Hope Aur Hum,Naseeruddin Shah
108,High Jack (film),Sumeet Vyas
109,Khajoor Pe Atke,Vinay Pathak
110,Parmanu: The Story of Pokhran,John Abraham
111,Bioscopewala,Danny Denzongpa
112,Bhavesh Joshi Superhero,Harshvardhan Kapoor
113,Phamous,Jimmy Sheirgill
114,Race 3,Anil Kapoor
115,Dhadak,Ishaan Khattar
116,Sanju,Ranbir Kapoor
117,Saheb Biwi Aur Gangster 3,Sanjay Dutt
118,Nawabzaade,Dharmesh Yelande
119,Mulk (film),Taapsee Pannu
120,Brij Mohan Amar Rahe,Arjun Mathur
121,Karwaan,Irrfan Khan
122,Gold (2018 film),Akshay Kumar
123,Satyameva Jayate (2018 film),John Abraham
124,Happy Phirr Bhag Jayegi,Sonakshi Sinha
125,Genius (2018 Hindi film),Utkarsh Sharma
126,Yamla Pagla Deewana: Phir Se,Dharmendra
127,Stree (2018 film),Rajkummar Rao
128,Paltan (film),Jackie Shroff
129,Laila Majnu (2018 film),Avinash Tiwary
130,Gali Guleiyan,Manoj Bajpayee
131,Halkaa,Paoli Dam
132,Pataakha,Sanya Malhotra
133,Batti Gul Meter Chalu,Shahid Kapoor
134,Love Sonia,Abhishek Bharate
135,Manto (2018 film),Nawazuddin Siddiqui
136,Ishqeria,Manish Anand
137,Manmarziyaan,Taapsee Pannu
138,Mitron,Jackky Bhagnani
139,Sui Dhaaga,Anushka Sharma
140,Baazaar,Radhika Apte
141,Jalebi (film),Rhea Chakraborty
142,FryDay,Govinda
143,Tumbbad,Sohum Shah
144,Helicopter Eela,Kajol
145,Namaste England,Arjun Kapoor
146,Andhadhun,Ayushmann Khurrana
147,Badhaai Ho,Ayushmann Khurrana
148,5 Weddings,Nargis Fakhri
149,Kaashi in Search of Ganga,Aishwarya Devan
150,Dassehra,Neil Nitin Mukesh
151,The Journey of Karma,Shakti Kapoor
152,Jack and Dil,Amit Sadh
153,Mohalla Assi,Sunny Deol
154,Pihu,Rahul Bagga
155,Bhaiaji Superhit,Sunny Deol
156,Rajma Chawal,Amyra Dastur
157,Zero (2018 film),Shah Rukh Khan
158,Simmba,Ranveer Singh
159,Tiger Zinda Hai,Salman Khan
160,Golmaal Again,Ajay Devgn
161,Judwaa 2,Varun Dhawan
162,Ok Jaanu,Shraddha Kapoor
163,Coffee with D,Sunil Grover
164,Kaabil,Hrithik Roshan
165,Raees (film),Raj Arjun
166,Thugs of Hindostan,Aamir Khan
167,Hind Ka Napak Ko Jawab: MSG Lion Heart 2,Gurmeet Ram Rahim Singh
168,Running Shaadi,Arsh Bajwa
169,The Ghazi Attack,Rana Daggubati
170,Irada (2017 film),Naseeruddin Shah
171,Rangoon (2017 Hindi film),Kangana Ranaut
172,Wedding Anniversary,Nana Patekar
173,Jeena Isi Ka Naam Hai (film),Arbaaz Khan
174,Badrinath Ki Dulhania,Varun Dhawan
175,Trapped (2016 Hindi film),Rajkummar Rao
176,Aa Gaya Hero,Govinda
177,Mantra (2016 film),Rajat Kapoor
178,Phillauri (film),Anushka Sharma
179,Machine (2017 film),Kiara Advani
180,Bhanwarey,Shaurya Singh
181,Anaarkali of Aarah,Pankaj Tripathi
182,Naam Shabana,Taapsee Pannu
183,Hotel Salvation,Adil Hussain
184,Begum Jaan,Amitabh Bachchan
185,Noor (film),Sunny Leone
186,Ek Thi Rani Aisi Bhi,Hema Malini
187,Maatr,Raveena Tandon
188,Sarkar 3,Amitabh Bachchan
189,Jattu Engineer,Amardeep Insan
190,Half Girlfriend (film),Shraddha Kapoor
191,Meri Pyaari Bindu,Ayushmann Khurrana
192,Sachin: A Billion Dreams,Sachin Tendulkar
193,Hindi Medium,Irrfan Khan
194,Sweetiee Weds NRI,Himansh Kohli
195,Dobaara: See Your Evil,Adil Hussain
196,Flat 211,Jayesh Raj
197,Dear Maya,Manisha Koirala
198,Raabta (film),Deepika Padukone
199,Behen Hogi Teri,Rajkummar Rao
200,Tubelight (2017 Hindi film),Salman Khan
201,Bank Chor,Riteish Deshmukh
202,Ek Haseena Thi Ek Deewana Tha,Shiv Darshan
203,Jagga Jasoos,Ranbir Kapoor
204,Shab (film),Ashish Bisht
205,Lipstick Under My Burkha,Aahana Kumra
206,Bachche Kachche Sachche,Manoj Babani
207,G Kutta Se,Rajveer Ankur Singh
208,Indu Sarkar,Kirti Kulhari
209,Jab Harry Met Sejal,Shah Rukh Khan
210,Munna Michael,Tiger Shroff
211,Toilet: Ek Prem Katha,Akshay Kumar
212,Mubarakan,Anil Kapoor
213,Guest iin London,Kartik Aaryan
214,Bareilly Ki Barfi,Ayushmann Khurrana
215,Babumoshai Bandookbaaz,Nawazuddin Siddiqui
216,Yadvi – The Dignified Princess,Prisha Aneja
217,Qaidi Band,Aadar Jain
218,Shubh Mangal Saavdhan,Ayushmann Khurrana
219,Raag Desh (film),Kunal Kapoor
220,Daddy (2017 film),Arjun Rampal
221,Simran (film),Kangana Ranaut
222,Lucknow Central,Farhan Akhtar
223,A Gentleman,Sidharth Malhotra
224,Viceroy's House (film),Hugh Bonneville
225,Patel Ki Punjabi Shaadi,Rishi Kapoor
226,Newton (film),Rajkummar Rao
227,The Final Exit,Kunaal Roy Kapur
228,Bhoomi (film),Sunny Leone
229,Haseena Parkar,Shraddha Kapoor
230,JD (film),Rina Charaniya
231,Haraamkhor,Nawazuddin Siddiqui
232,Poster Boys,Sunny Deol
233,Mom (film),Sridevi
234,Chef (2017 film),Saif Ali Khan
235,Ranchi Diaries,Soundarya Sharma
236,Babuji Ek Ticket Bambai,Sudha Chandran
237,Rukh (film),Manoj Bajpayee
238,Secret Superstar,Zaira Wasim
239,Aval (2017 film),Prakash Belawadi
240,Ribbon (film),Kalki Koechlin
241,Shaadi Mein Zaroor Aana,Rajkummar Rao
242,Jia Aur Jia,Richa Chadha
243,Qarib Qarib Singlle,Irrfan Khan
244,Aksar 2,Zareen Khan
245,Panchlait,Nayna Bandhopadhyay
246,Tumhari Sulu,Vidya Balan
247,Julie 2,Nishikant Kamat
248,Kadvi Hawa,Sanjay Mishra
249,Firangi,Kapil Sharma
250,Fukrey Returns,Pulkit Samrat
251,Monsoon Shootout,Vijay Varma
252,Ajji,Sushama Deshpande
253,Chalk n Duster,Richa Chadha
254,Rebellious Flower,Prince Shah
255,Saankal,Tanima Bhattacharya
256,Airlift (film),Akshay Kumar
257,Sallu Ki Shaadi,Zeenat Aman
258,Irudhi Suttru,Madhavan
259,Kyaa Kool Hain Hum 3,Tusshar Kapoor
260,Mastizaade,Tusshar Kapoor
261,Dil Jo Na Keh Saka,Himansh Kohli
262,Jugni (2016 film),Sadhana Singh
263,Ghayal: Once Again,Sunny Deol
264,Fitoor,Aditya Roy Kapoor
265,Sanam Re,Rishi Kapoor
266,Direct Ishq,Rajniesh Duggall
267,Ishq Forever,Krishna Chaturvedi
268,Loveshhuda,Girish Taurani
269,Neerja,Sonam Kapoor
270,Aligarh (film),Sukhesh Arora
271,Bollywood Diaries,Raima Sen
272,Love Shagun,Anuj Sachdeva
273,Tere Bin Laden: Dead or Alive,Parthaa Akerkar
274,Jai Gangaajal,Priyanka Chopra
275,Kapoor & Sons,Sidharth Malhotra
276,Rocky Handsome,John Abraham
277,Love Games (film),Patralekhaa Paul
278,Fan (film),Shah Rukh Khan
279,Nil Battey Sannata,Swara Bhaskar
280,Laal Rang,Randeep Hooda
281,Baaghi (2016 film),Shraddha Kapoor
282,Global Baba,Pankaj Tripathi
283,Shortcut Safari,Jimmy Sheirgill
284,The Blueberry Hunt,Kartik Elangovan
285,Santa Banta Pvt Ltd,Boman Irani
286,Traffic (2016 film),Manoj Bajpayee
287,1920: London,Sharman Joshi
288,Azhar (film),Emraan Hashmi
289,Buddha in a Traffic Jam,Aanchal Dwivedi
290,Murari the Mad Gentleman,Sanjay Singh
291,Dear Dad (film),Arvind Swamy
292,Phobia (2016 film),Radhika Apte
293,Sarbjit (film),Randeep Hooda
294,Veerappan (2016 film),Sachiin Joshi
295,Do Lafzon Ki Kahani (film),Kajal Aggarwal
296,Te3n,Amitabh Bachchan
297,Udta Punjab,Shahid Kapoor
298,Khel Toh Ab Shuru Hoga,Hazel Croney
299,Luv U Alia,V. Ravichandran
300,7 Hours to Go,Vipin Sharma
301,Raman Raghav 2.0,Nawazuddin Siddiqui
302,Junooniyat,Pulkit Samrat
303,Rough Book,Tannishtha Chatterjee
304,Dhanak,Krrish Chhabria
305,Fredrick (film),Avinash Dhyani
306,Dil Toh Deewana Hai,Zeenat Aman
307,Sultan (2016 film),Salman Khan
308,Brahman Naman,Shashank Arora
309,Great Grand Masti,Urvashi Rautela
310,Waiting (2015 film),Naseeruddin Shah
311,Ishq Click,Sara Loren
312,M Cream,Tom Alter
313,Madaari,Irrfan Khan
314,Dishoom,John Abraham
315,Fever (2016 film),Rajeev Khandelwal
316,Rustom (film),Ileana D'Cruz
317,Hai Apna Dil Toh Awara,Sahil Anand
318,Mohenjo Daro (film),Hrithik Roshan
319,Happy Bhag Jayegi,Diana Penty
320,Waarrior Savitri,Niharica Raizada
321,A Flying Jatt,Tiger Shroff
322,Baar Baar Dekho,Sidharth Malhotra
323,Freaky Ali,Nawazuddin Siddiqui
324,Raaz: Reboot,Emraan Hashmi
325,Pink (2016 film),Taapsee Pannu
326,Parched,Tannishtha Chatterjee
327,Banjo (2016 film),Riteish Deshmukh
328,Days of Tafree,Yash Soni
329,Wah Taj,Shreyas Talpade
330,Island City (2015 film),Vinay Pathak
331,Ek Kahani Julie Ki,Jimmy Sharma
332,M.S. Dhoni: The Untold Story,Sushant Singh Rajput
333,MSG: The Warrior Lion Heart,Ashok Insan
334,Devi (2016 film),RJ Balaji
335,Motu Patlu: King of Kings,Saurav Chakraborty
336,Anna (2016 film),Shashank Udapurkar
337,Fuddu,Shubham
338,Saat Uchakkey,Manoj Bajpayee
339,Beiimaan Love,Sunny Leone
340,Umrika,Aashish Bhatt
341,Shivaay,Ajay Devgn
342,Dongari Ka Raja,Ronit Roy
343,Ae Dil Hai Mushkil,Ranbir Kapoor
344,Tum Bin II,Neha Sharma
345,Rock On 2,Farhan Akhtar
346,Force 2,John Abraham
347,Dear Zindagi,Alia Bhatt
348,Befikre,Vaani Kapoor
349,Moh Maya Money,Neha Dhupia
350,Shorgul,Jimmy Sheirgill
351,Saansein,Sonarika Bhadoria
352,Ki & Ka,Amitabh Bachchan
353,Wajah Tum Ho,Sharman Joshi
354,Dangal (film),Aamir Khan
355,Mirzya (film),Harshvardhan Kapoor
356,Prem Ratan Dhan Payo,Salman Khan
357,Tanu Weds Manu: Returns,Kangana Ranaut
358,Tanu Weds Manu: Returns,Kangana Ranaut
359,31st October (film),Soha Ali Khan
360,ABCD 2,Prabhu Deva
361,Dilwale (2015 film),Shah Rukh Khan
362,Bajrangi Bhaijaan,Salman Khan
363,Bajirao Mastani,Ranveer Singh
364,Welcome Back (film),Anil Kapoor
365,Baby (2015 Hindi film),Akshay Kumar
366,Singh Is Bliing,Akshay Kumar
367,Gabbar Is Back,Akshay Kumar
368,Gabbar Is Back,Akshay Kumar
369,Mumbai Can Dance Saala,Shakti Kapoor
370,Alone (2015 Hindi film),Bipasha Basu
371,Tevar,Arjun Kapoor
372,Sharafat Gayi Tel Lene,Zayed Khan
373,Dolly Ki Doli,Malaika Arora
374,Hawaizaada,Naman Jain
375,Khamoshiyan,Gurmeet Choudhary
376,Rahasya,Kay Kay Menon
377,Jai Jawaan Jai Kisaan (film),Rati Agnihotri
378,Shamitabh,Amitabh Bachchan
379,Roy (film),Arjun Rampal
380,Badlapur (film),Varun Dhawan
381,Crazy Cukkad Family,Swanand Kirkire
382,Take It Easy (2015 film),Sulabha Arya
383,Qissa (film),Irrfan Khan
384,Ab Tak Chhappan 2,Nana Patekar
385,Dum Laga Ke Haisha,Ayushmann Khurrana
386,Dirty Politics (film),Anupam Kher
387,MSG: The Messenger,Gurmeet Ram Rahim Singh
388,Badmashiyaan,Sidhant Gupta
389,Coffee Bloom,Arjun Mathur
390,Hey Bro,Ganesh Acharya
391,NH10 (film),Anushka Sharma
392,Hunterrr,Gulshan Devaiah
393,Detective Byomkesh Bakshy!,Sushant Singh Rajput
394,Luckhnowi Ishq,Adhyayan Suman
395,Court (film),Vira Sathidar
396,Margarita with a Straw,Kalki Koechlin
397,Ek Paheli Leela,Sunny Leone
398,Barkhaa,Sara Loren
399,Mr. X (2015 film),Emraan Hashmi
400,NH-8 Road to Nidhivan,Auroshika Dey
401,Dilliwali Zaalim Girlfriend,Ira Dubey
402,Dharam Sankat Mein,Naseeruddin Shah
403,Kaagaz Ke Fools,Vinay Pathak
404,Kuch Kuch Locha Hai,Ram Kapoor
405,Piku,Deepika Padukone
406,Bombay Velvet,Ranbir Kapoor
407,I Love Desi,Shakti Anand
408,Dil Dhadakne Do,Anil Kapoor
409,Welcome 2 Karachi,Arshad Warsi
410,P Se PM Tak,Meenakshi Dixit
411,Mere Genie Uncle,Yash Acharya
412,Hamari Adhuri Kahani,Rajkummar Rao
413,Miss Tanakpur Haazir Ho,Rahul Bagga
414,Uvaa,Mohit Baghel
415,Ishq Ke Parindey,Rishi Verma
416,Ishqedarriyaan,Mimoh Chakraborty
417,Sabki Bajegi Band,Swara Bhaskar
418,Masaan,Richa Chadha
419,Guddu Rangeela,Arshad Warsi
420,Bezubaan Ishq,Mugdha Godse
421,Aisa Yeh Jahaan,Yashpal Sharma
422,Second Hand Husband,Dharmendra
423,I Love NY (2015 film),Sunny Deol
424,Main Hoon Part-Time Killer,Smitha Gondkar
425,Kaun Kitne Paani Mein,Kunal Kapoor
426,Drishyam (2015 film),Ajay Devgn
427,Bangistan,Jacqueline Fernandez
428,All Is Well (2015 film),Rishi Kapoor
429,Brothers (2015 film),Akshay Kumar
430,Gour Hari Dastaan,Vinay Pathak
431,Manjhi – The Mountain Man,Nawazuddin Siddiqui
432,Thoda Lutf Thoda Ishq,Bhavita Anand
433,Phantom (2015 film),Saif Ali Khan
434,Hero (2015 Hindi film),Suraj Pancholi
435,Sorry Daddy,Shamim Khan
436,Talvar (film),Irrfan Khan
437,Katti Batti,Suhaas Ahuja
438,Meeruthiya Gangsters,Jaideep Ahlawat
439,MSG-2 The Messenger,Charanpreet Insan
440,Calendar Girls (2015 film),Akanksha Puri
441,Bhaag Johnny,Kunal Khemu
442,Jazbaa,Aishwarya Rai Bachchan
443,Bumper Draw,Seema Azmi
444,Chinar Daastaan-E-Ishq,Parveen Kaur
445,Kis Kisko Pyaar Karoon,Kapil Sharma
446,Pyaar Ka Punchnama 2,Kartik Aaryan
447,Wedding Pullav,Diganth
448,Shaandaar,Shahid Kapoor
449,Titli (2014 film),Nawazuddin Siddiqui
450,Guddu Ki Gun,Kunal Khemu
451,The Silent Heroes,Mann Bagga
452,Ranbanka,Manish Paul
453,Sholay,Sanjeev Kumar
454,Dedh Ishqiya,Madhuri Dixit
455,Karle Pyaar Karle,Shiv Darshan
456,Om-Dar-B-Dar,Gopi Desai
457,Paranthe Wali Gali,Mohinder Gujral
458,Strings of Passion,Zeenat Aman
459,Gunday,Ranveer Singh
460,Jai Ho (film),Salman Khan
461,Hasee Toh Phasee,Sidharth Malhotra
462,Heartless (2014 film),Adhyayan Suman
463,Ya Rab,Indrapal Ahuja
464,Darr @ the Mall,Jimmy Sheirgill
465,One by Two (2014 film),Abhay Deol
466,Babloo Happy Hai,Sahil Anand
467,Highway (2014 Hindi film),Alia Bhatt
468,Gulabi Gang (film),Sampat Pal Devi
469,Shaadi Ke Side Effects,Farhan Akhtar
470,Gulaab Gang,Madhuri Dixit
471,Queen (2014 film),Kangana Ranaut
472,Bewakoofiyaan,Ayushmann Khurrana
473,Total Siyapaa,Ali Zafar
474,Karar: The Deal,Mahek Chahal
475,Lakshmi (2014 film),Monali Thakur
476,Ragini MMS 2,Sunny Leone
477,Dishkiyaoon,Harman Baweja
478,Ankhon Dekhi,Sanjay Mishra
479,Gang of Ghosts,Sharman Joshi
480,Anuradha (2014 film),Sachin Khedekar
481,W (2014 film),Leeza Mangaldas
482,O Teri,Pulkit Samrat
483,Honour Killing (film),Zara Sheikh
484,2 States (2014 film),Arjun Kapoor
485,Jal (film),Purab Kohli
486,Bhoothnath Returns,Amitabh Bachchan
487,Main Tera Hero,Varun Dhawan
488,Lucky Kabootar,Arvinder Bhatti
489,Station (2014 film),Kanika Batra
490,Youngistaan,Jackky Bhagnani
491,Samrat & Co.,Rajeev Khandelwal
492,Purani Jeans,Tanuj Virwani
493,Kya Dilli Kya Lahore,Vijay Raaz
494,Koyelaanchal,Kannan Arunachalam
495,Manjunath (film),Anjori Alagh
496,Dekh Tamasha Dekh,Satish Kaushik
497,Mastram,Rahul Bagga
498,The Xposé,Himesh Reshammiya
499,Children of War (2014 film),Farooq Shaikh
500,Hawaa Hawaai,Makrand Deshpande
501,Kahin Hai Mera Pyar,Eesha Agarwal
502,Kuku Mathur Ki Jhand Ho Gayi,Siddharth Gupta
503,Heropanti,Tiger Shroff
504,CityLights (2014 film),Rajkummar Rao
505,Filmistaan,Sharib Hashmi
506,Revolver Rani,Kangana Ranaut
507,Kaanchi: The Unbreakable,Kartik Aaryan
508,Machhli Jal Ki Rani Hai,Swara Bhaskar
509,Khwaabb,Simer Motiani
510,Yeh Hai Bakrapur,Anshuman Jha
511,Ek Villain,Sidharth Malhotra
512,Bobby Jasoos,Vidya Balan
513,Humshakals,Saif Ali Khan
514,Humpty Sharma Ki Dulhania,Varun Dhawan
515,Hate Story 2,Jay Bhanushali
516,Lekar Hum Deewana Dil,Armaan Jain
517,Riyasat (film),Rajesh Khanna
518,Amit Sahni Ki List,Vir Das
519,Holiday: A Soldier Is Never Off Duty,Akshay Kumar
520,Fugly (film),Jimmy Sheirgill
521,Bazaar E Husn,Reshmi Ghosh
522,Pizza (2014 film),Akshay Oberoi
523,Entertainment (2014 film),Akshay Kumar
524,Singham Returns,Anupam Kher
525,Mardaani,Rani Mukerji
526,Raja Natwarlal,Emraan Hashmi
527,Mary Kom (film),Priyanka Chopra
528,Creature 3D,Bipasha Basu
529,Finding Fanny,Deepika Padukone
530,Khoobsurat (2014 film),Sonam Kapoor
531,3 A.M. (2014 film),Salil Acharya
532,Kick (2014 film),Salman Khan
533,Mad About Dance,Saahil Prem
534,Mumbhai Connection,Alieesa P Badresia
535,Life Is Beautiful (2014 film),Manoj Amarnani
536,Desi Kattey,Sasha Aagha
537,Haider (film),Tabu
538,Bang Bang!,Hrithik Roshan
539,Spark (2014 film),Rati Agnihotri
540,Daawat-e-Ishq,Aditya Roy Kapoor
541,Balwinder Singh Famous Ho Gaya,Asrani
542,Jigariyaa,Harshvardhan Deo
543,Tamanchey,Nikhil Dwivedi
544,Mumbai 125 KM,Karanvir Bohra
545,Meinu Ek Ladki Chaahiye,Puru Chibber
546,Chaarfutiya Chhokare,Soha Ali Khan
547,Sonali Cable,Rhea Chakraborty
548,Happy New Year (2014 film),Shah Rukh Khan
549,Super Nani,Rekha
550,Ekkees Toppon Ki Salaami,Anupam Kher
551,Rang Rasiya,Randeep Hooda
552,The Shaukeens,Akshay Kumar
553,Roar: Tigers of the Sundarbans,Aadil Chahal
554,A Decent Arrangement,Shabana Azmi
555,Gollu Aur Pappu,Dimple Kapadia
556,Titoo MBA,Nishant Dahiya
557,Kill Dil,Ranveer Singh
558,Ungli,Emraan Hashmi
559,Happy Ending (film),Saif Ali Khan
560,Zed Plus,Vinod Acharya
561,Zid (2014 film),Mannara Chopra
562,Action Jackson (2014 film),Prabhas
563,Bhopal: A Prayer for Rain,Mischa Barton
564,Mumbai Delhi Mumbai,Shiv Panditt
565,Badlapur Boys,Annu Kapoor
566,Main Aur Mr. Riight,Barun Sobti
567,Ugly (film),Rahul Bhat
568,PK (film),Aamir Khan
569,Dehraadun Diary,Adhyayan Suman
570,Matru Ki Bijlee Ka Mandola,Imran Khan
571,Sulemani Keeda,Naveen Kasturia
572,Inkaar (2013 film),Arjun Rampal
573,Gangoobai,Sarita Joshi
574,Akaash Vani,Kartik Aaryan
575,Main Krishna Hoon,Juhi Chawla
576,Race 2,Saif Ali Khan
577,Bandook,Manisha Kelkar
578,Listen... Amaya,Farooq Shaikh
579,Special 26,Akshay Kumar
580,Murder 3,Randeep Hooda
581,Zila Ghaziabad,Vivek Oberoi
582,Kai Po Che!,Rajkummar Rao
583,Bloody Isshq,Akash
584,Saare Jahaan Se Mehnga,Vishwa Mohan Badola
585,3G (film),Neil Nitin Mukesh
586,Mere Dad Ki Maruti,Saqib Saleem
587,Jolly LLB,Arshad Warsi
588,Saheb Biwi Aur Gangster Returns,Jimmy Sheirgill
589,Mai (2013 film),Asha Bhosle
590,Vishwaroopam,Kamal Haasan
591,Rangrezz,Jackky Bhagnani
592,Aashiqui 2,Aditya Roy Kapoor
593,Ek Thi Daayan,Emraan Hashmi
594,Himmatwala (2013 film),Ajay Devgn
595,Nautanki Saala!,Ayushmann Khurrana
596,Jayantabhai Ki Luv Story,Vivek Oberoi
597,Commando: A One Man Army,Vidyut Jammwal
598,Bombay Talkies (film),Rani Mukerji
599,Go Goa Gone,Saif Ali Khan
600,Gippi,Riya Vij
601,Aurangzeb (film),Arjun Kapoor
602,Ishkq in Paris,Preity Zinta
603,Zindagi 50-50,Veena Malik
604,Yeh Jawaani Hai Deewani,Ranbir Kapoor
605,Fukrey,Pulkit Samrat
606,Chhota Bheem and the Throne of Bali,Rupa Bhimani
607,Raanjhanaa,Dhanush
608,Ankur Arora Murder Case,Kay Kay Menon
609,Shortcut Romeo,Neil Nitin Mukesh
610,Ghanchakkar (film),Vidya Balan
611,Hum Hai Raahi Car Ke,Anupam Kher
612,Policegiri,Sanjay Dutt
613,Bhaag Milkha Bhaag,Farhan Akhtar
614,Sixteen (2013 Indian film),Wamiqa Gabbi
615,B.A. Pass,Shadab Kamal
616,Enemmy,Sunil Shetty
617,Issaq,Prateik
618,Bajatey Raho,Tusshar Kapoor
619,Luv U Soniyo,Tanuj Virwani
620,Nasha (film),Poonam Pandey
621,Chor Chor Super Chor,Deepak Dobriyal
622,Calapor (film),Hemant Gopal
623,Love in Bombay,Joy Mukherjee
624,D-Day (2013 film),Rishi Kapoor
625,Siddharth (2013 film),Rajesh Tailang
626,Once Upon ay Time in Mumbai Dobaara!,Akshay Kumar
627,Madras Cafe,John Abraham
628,Satyagraha (film),Amitabh Bachchan
629,Shuddh Desi Romance,Sushant Singh Rajput
630,Ramaiya Vastavaiya,Shruti Haasan
631,Chennai Express,Deepika Padukone
632,Grand Masti,Vivek Oberoi
633,John Day (film),Naseeruddin Shah
634,Horror Story (film),Karan Kundrra
635,Phata Poster Nikhla Hero,Shahid Kapoor
636,Ship of Theseus (film),Aida Elkashef
637,The Lunchbox,Irrfan Khan
638,Baat Bann Gayi,Anisa Butt
639,Boss (2013 Hindi film),Akshay Kumar
640,Shahid (film),Rajkummar Rao
641,Mickey Virus,Manish Paul
642,Satya 2,Puneet Singh Ratn
643,Rajjo,Kangana Ranaut
644,Maazii,Sumit Nijhawan
645,Sooper Se Ooper,Tinnu Anand
646,Prague (2013 film),Chandan Roy Sanyal
647,Wake Up India,Elisha Kriis
648,Super Model (film),Ashmit Patel
649,Gori Tere Pyaar Mein,Imran Khan
650,What the Fish,Manu Rishi Chadha
651,Jackpot (2013 film),Naseeruddin Shah
652,Table No. 21,Paresh Rawal
653,Bullett Raja,Saif Ali Khan
654,Dhoom 3,Aamir Khan
655,Chashme Baddoor (2013 film),Ali Zafar
656,Lootera,Ranveer Singh
657,War Chhod Na Yaar,Sharman Joshi
658,Chaalis Chauraasi,Naseeruddin Shah
659,Ghost (2012 film),Shiney Ahuja
660,Sadda Adda,Karan Sharma
661,Singh Saab the Great,Sunny Deol
662,Goliyon Ki Raasleela Ram-Leela,Ranveer Singh
663,Agneepath (2012 film),Hrithik Roshan
664,Ek Main Aur Ekk Tu,Kareena Kapoor
665,Ekk Deewana Tha,Prateik
666,?: A Question Mark,Kiran Bhatia
667,Jodi Breakers,Bipasha Basu
668,Tere Naal Love Ho Gaya,Riteish Deshmukh
669,Staying Alive (2012 film),Jahangir Khan
670,Paan Singh Tomar (film),Irrfan Khan
671,Kahaani,Vidya Balan
672,Zindagi Tere Naam,Mithun Chakraborty
673,Agent Vinod (2012 film),Kareena Kapoor
674,Blood Money (2012 film),Manish Chaudhary
675,Bumboo,Kavin Dave
676,Valentine's Night,Shikhi Gupta
677,Married 2 America,Archana Joglekar
678,Chaar Din Ki Chandni,Tusshar Kapoor
679,Bittoo Boss,Pulkit Samrat
680,Vicky Donor,Ayushmann Khurrana
681,Hate Story,Nikhil Dwivedi
682,Tezz,Anil Kapoor
683,Dangerous Ishhq,Karisma Kapoor
684,Ishaqzaade,Arjun Kapoor
685,Department (film),Sanjay Dutt
686,Fatso!,Gul Panag
687,Arjun: The Warrior Prince,Yudhveer Bakoliya
688,Life Ki Toh Lag Gayi,Kay Kay Menon
689,Shanghai (2012 film),Emraan Hashmi
690,Ferrari Ki Sawaari,Sharman Joshi
691,Teri Meri Kahaani (film),Shahid Kapoor
692,Mr. Bhatti on Chutti,Anupam Kher
693,Yeh Khula Aasmaan,Anya Anand
694,Rakhtbeej,Julia Datt
695,Gangs of Wasseypur,Manoj Bajpayee
696,Gangs of Wasseypur – Part 2,Manoj Bajpayee
697,Cocktail (2012 film),Saif Ali Khan
698,Gattu,Naresh Sharma
699,Kyaa Super Kool Hain Hum,Riteish Deshmukh
700,Maximum (film),Sonu Sood
701,Paanch Ghantey Mien Paanch Crore,Nassar Abdulla
702,Ek Tha Tiger,Salman Khan
703,Challo Driver,Vickrant Mahajan
704,Shirin Farhad Ki Toh Nikal Padi,Freny Bhagat
705,Joker (2012 film),Akshay Kumar
706,Aalaap (film),Omkar Das Manikpuri
707,Mere Dost Picture Abhi Baki Hai,Sunil Shetty
708,Krishna Aur Kans,Manoj Bajpayee
709,From Sydney with Love,Bidita Bag
710,Jalpari: The Desert Mermaid,Harish Chabbra
711,Barfi!,Ranbir Kapoor
712,Heroine (2012 film),Kareena Kapoor
713,Chal Pichchur Banate Hain,Sagar Bhangade
714,Kismat Love Paisa Dilli,Vivek Oberoi
715,Jeena Hai Toh Thok Daal,Ravi Kishan
716,OMG – Oh My God!,Paresh Rawal
717,Aiyyaa,Rani Mukerji
718,Chittagong (film),Manoj Bajpayee
719,Bhoot Returns,J.D. Chakravarthi
720,Delhi Safari,Cary Elwes
721,Chakravyuh (2012 film),Arjun Rampal
722,Student of the Year,Alia Bhatt
723,Ajab Gazabb Love,Jackky Bhagnani
724,Rush (2012 film),Emraan Hashmi
725,1920: The Evil Returns,Vicky Ahuja
726,Sons of Ram,Sunidhi Chauhan
727,Ata Pata Laapata,Asrani
728,Jab Tak Hai Jaan,Shah Rukh Khan
729,Talaash: The Answer Lies Within,Aamir Khan
730,Login (film),Himanshu Bhatt
731,Son of Sardaar,Ajay Devgn
732,Cigarette Ki Tarah,Ashok Banthia
733,Dabangg 2,Salman Khan
734,Players (2012 film),Vinod Khanna
735,Housefull 2,Akshay Kumar
736,Bol Bachchan,Amitabh Bachchan
737,English Vinglish,Sridevi
738,Impatient Vivek,Vivek Sudershan
739,Yamla Pagla Deewana,Nafisa Ali
740,Mumbai Mast Kallander,Mohsin
741,Dhobi Ghat (film),Prateik
742,Turning 30,Gul Panag
743,Hostel (2011 film),Vatsal Sheth
744,Dil Toh Baccha Hai Ji,Ajay Devgn
745,United Six,Russell Geoffrey Banks
746,Utt Pataang,Vinay Pathak
747,Patiala House (film),Rishi Kapoor
748,7 Khoon Maaf,Priyanka Chopra
749,Tanu Weds Manu,Madhavan
750,F.A.L.T.U,Arshad Warsi
751,Memories in March,Deepti Naval
752,Thank You (2011 film),Akshay Kumar
753,Angel (2011 film),Sumit Arora
754,Happy Husbands (2011 film),Anay
755,Teen Thay Bhai,Om Puri
756,Dum Maaro Dum (film),Abhishek Bachchan
757,Shor in the City,Sendhil Ramamurthy
758,Zokkomon,Darsheel Safary
759,Chalo Dilli,Vinay Pathak
760,Aashiqui.in,Ishaan Manhaas
761,Satrangee Parachute,Sanjay Mishra
762,Monica (film),Ashutosh Rana
763,I Am (2010 Indian film),Juhi Chawla
764,Naughty @ 40,Govinda
765,Haunted – 3D,Mimoh Chakraborty
766,Love U...Mr. Kalakaar!,Tusshar Kapoor
767,Ragini MMS,Kainaz Motivala
768,Stanley Ka Dabba,Partho A. Gupte
769,Shagird (2011 film),Nana Patekar
770,404 (film),Sara Arjun
771,Shaitan (film),Kalki Koechlin
772,Pyaar Ka Punchnama,Kartik Aaryan
773,Bheja Fry 2,Vinay Pathak
774,Always Kabhi Kabhi,Lillete Dubey
775,Double Dhamaal,Sanjay Dutt
776,Bbuddah... Hoga Terra Baap,Amitabh Bachchan
777,Delhi Belly (film),Imran Khan
778,Murder 2,Emraan Hashmi
779,Chillar Party,Aarav Khanna
780,Zindagi Na Milegi Dobara,Hrithik Roshan
781,Dear Friend Hitler,Raghuvir Yadav
782,I Am Kalam,Gulshan Grover
783,Bin Bulaye Baraati,Naushaad Abbas
784,Kucch Luv Jaisaa,Shefali Shah
785,Singham,Ajay Devgn
786,Khap (film),Rahul Jaiswal
787,Bubble Gum (film),Apoorva Arora
788,Shabri,Isha Koppikar
789,Phhir,Rajniesh Duggall
790,Aarakshan,Amitabh Bachchan
791,Chatur Singh Two Star,Sanjay Dutt
792,Sahi Dhandhe Galat Bande,Anupam Kher
793,Bodyguard (2011 Hindi film),Salman Khan
794,Yeh Dooriyan,Deepshika Nagpal
795,Not a Love Story (2011 film),Deepak Dobriyal
796,Hum Tum Shabana,Tusshar Kapoor
797,Mummy Punjabi,Kiron Kher
798,Mere Brother Ki Dulhan,Imran Khan
799,Mausam (2011 film),Shahid Kapoor
800,U R My Jaan,Mikaal
801,Force (2011 film),John Abraham
802,Saheb Biwi Aur Gangster,Jimmy Sheirgill
803,Tere Mere Phere,Vinay Pathak
804,Breakaway (2011 film),Vinay Virmani
805,Chargesheet (film),Dev Anand
806,Love Breakups Zindagi,Zayed Khan
807,Mujhse Fraaandship Karoge,Saqib Saleem
808,Aazaan,Sachiin Joshi
809,Ra.One,Shah Rukh Khan
810,Rockstar (2011 film),Ranbir Kapoor
811,Miley Naa Miley Hum,Chirag Paswan
812,Tell Me O Kkhuda,Dharmendra
813,Damadamm!,Himesh Reshammiya
814,Ladies vs Ricky Bahl,Ranveer Singh
815,Desi Boyz,Akshay Kumar
816,Game (2011 film),Abhishek Bachchan
817,No One Killed Jessica,Rani Mukerji
818,Rascals (2011 film),Ajay Devgn
819,The Dirty Picture,Vidya Balan
820,Pyaar Impossible!,Priyanka Chopra
821,Chance Pe Dance,Shahid Kapoor
822,My Friend Pinto,Prateik
823,Veer (2010 film),Salman Khan
824,Striker (2010 film),Siddharth
825,Rann (film),Amitabh Bachchan
826,Ishqiya,Vidya Balan
827,Road to Sangam,Paresh Rawal
828,Jo Hum Chahein,Sunny Gill
829,Click (2010 film),Shreyas Talpade
830,Toh Baat Pakki!,Tabu
831,My Name Is Khan,Shah Rukh Khan
832,Teen Patti (film),Amitabh Bachchan
833,Karthik Calling Karthik,Siddhartha Gupta
834,Don 2,Shah Rukh Khan
835,Rokkk,Tanushree Dutta
836,Aakhari Decision,Paul Sidhu
837,Right Yaaa Wrong,Sunny Deol
838,Sukhmani: Hope for Life,Gurdas Maan
839,Thanks Maa,Master Shams
840,Na Ghar Ke Na Ghaat Ke,Om Puri
841,Trump Card (film),Vikrum Kumar
842,Shaapit,Aditya Narayan
843,Hum Tum Aur Ghost,Arshad Warsi
844,Well Done Abba,Boman Irani
845,Tum Milo Toh Sahi,Nana Patekar
846,Jaane Kahan Se Aayi Hai,Priyanka Chopra
847,Prem Kaa Game,Arbaaz Khan
848,Sadiyaan,Rekha
849,The Japanese Wife,Rahul Bose
850,Paathshaala,Nana Patekar
851,Phoonk 2,Sudeep
852,Lahore (film),Farooq Shaikh
853,Apartment (film),Rohit Roy
854,City of Gold (2010 film),Sachin Khedekar
855,Chase (2010 film),Anuj Saxena
856,Housefull (2010 film),Akshay Kumar
857,Mittal v/s Mittal,Hazel Croney
858,It's a Wonderful Afterlife,Sanjeev Bhaskar
859,Prince (2010 film),Vivek Oberoi
860,Raavan,Abhishek Bachchan
861,Bumm Bumm Bole,Atul Kulkarni
862,Kushti (film),Rajpal Yadav
863,Kites (film),Hrithik Roshan
864,Love Sex Aur Dhokha,Nushrat Bharucha
865,Milenge Milenge,Kareena Kapoor
866,Ek Second... Jo Zindagi Badal De?,Bhushan Agarwal
867,Mr. Singh Mrs. Mehta,Prashant Narayanan
868,Lamhaa,Sanjay Dutt
869,Khatta Meetha (2010 film),Akshay Kumar
870,Tere Bin Laden,Ali Zafar
871,Udaan (2010 film),Rajat Barmecha
872,Once Upon a Time in Mumbaai,Ajay Devgn
873,Help (film),Bobby Deol
874,Peepli Live,Omkar Das Manikpuri
875,Lafangey Parindey,Neil Nitin Mukesh
876,Hello Darling,Gul Panag
877,Antardwand,Raj Singh Chaudhary
878,Aashayein,John Abraham
879,Soch Lo,Barkha Madan
880,Dabangg,Salman Khan
881,Khichdi: The Movie,Supriya Pathak
882,Red Alert: The War Within,Sunil Shetty
883,Life Express (2010 film),Rituparna Sengupta
884,The Film Emotional Atyachar,Ranvir Shorey
885,Hisss,Mallika Sherawat
886,Crook (film),Emraan Hashmi
887,Do Dooni Chaar,Rishi Kapoor
888,Aakrosh (2010 film),Ajay Devgn
889,Ramayana: The Epic,Manoj Bajpayee
890,Knock Out (2010 film),Sanjay Dutt
891,Jhootha Hi Sahi,John Abraham
892,Guzaarish (film),Hrithik Roshan
893,Allah Ke Banday,Varun Bhagwat
894,Break Ke Baad,Deepika Padukone
895,Khuda Kasam,Sunny Deol
896,Phas Gaye Re Obama,Rajat Kapoor
897,Malik Ek,Akanksha
898,A Flat (film),Jimmy Sheirgill
899,No Problem (2010 film),Sanjay Dutt
900,Band Baaja Baaraat,Ranveer Singh
901,Kaalo,Aditya Srivastava
902,Mirch,Arunoday Singh
903,Tees Maar Khan (2010 film),Akshay Kumar
904,Isi Life Mein,Akshay Oberoi
905,Toonpur Ka Super Hero,Ajay Devgn
906,Tera Kya Hoga Johnny,Neil Nitin Mukesh
907,Ramaa: The Saviour,Sahil Khan
908,I Hate Luv Storys,Imran Khan
909,Dulha Mil Gaya,Sushmita Sen
910,Anjaana Anjaani,Priyanka Chopra
911,Dunno Y... Na Jaane Kyon,Zeenat Aman
912,Pankh,Bipasha Basu
913,Action Replayy,Akshay Kumar
914,3 Idiots,Aamir Khan
915,Luck by Chance,Farhan Akhtar
916,Love Aaj Kal,Saif Ali Khan
917,Wanted (2009 film),Salman Khan
918,Delhi-6,Waheeda Rehman
919,Raaz: The Mystery Continues,Kangana Ranaut
920,Aasma: The Sky Is the Limit,Hrishitaa Bhatt
921,Ajab Prem Ki Ghazab Kahani,Ranbir Kapoor
922,Chal Chala Chal,Asrani
923,Billu,Irrfan Khan
924,The Stoneman Murders,Kay Kay Menon
925,Kisse Pyaar Karoon,Arshad Warsi
926,Dhoondte Reh Jaaoge,Paresh Rawal
927,Karma Aur Holi,Rati Agnihotri
928,Victory (2009 film),Harman Baweja
929,Kaminey,Shahid Kapoor
930,Jai Veeru,Fardeen Khan
931,Little Zizou,John Abraham
932,Gulaal (film),Kay Kay Menon
933,Aloo Chaat (film),Aftab Shivdasani
934,Barah Aana,Naseeruddin Shah
935,Firaaq,Inaamulhaq
936,Aa Dekhen Zara,Neil Nitin Mukesh
937,99 (2009 film),Kunal Khemu
938,Ek: The Power of One,Bobby Deol
939,Ek Se Bure Do,Anita
940,Sikandar (2009 film),Parzaan Dastur
941,Zor Lagaa Ke...Haiya!,Meghan Jadhav
942,Paying Guests,Shreyas Talpade
943,New York (2009 film),John Abraham
944,Sankat City,Kay Kay Menon
945,Shortkut,Sanjay Dutt
946,Luck (2009 film),Mithun Chakraborty
947,Life Partner,Govinda
948,Daddy Cool (2009 Hindi film),Sunil Shetty
949,Kisaan,Jackie Shroff
950,Yeh Mera India,Anupam Kher
951,Aagey Se Right,Shreyas Talpade
952,Chintu Ji,Rishi Kapoor
953,Quick Gun Murugun,Rajendra Prasad
954,Fox (film),Arjun Rampal
955,Baabarr,Mithun Chakraborty
956,Phir Kabhi,Mithun Chakraborty
957,Vaada Raha,Bobby Deol
958,Dil Bole Hadippa!,Shahid Kapoor
959,What's Your Raashee?,Harman Baweja
960,Acid Factory,Fardeen Khan
961,All the Best: Fun Begins,Sanjay Dutt
962,Wake Up Sid,Ranbir Kapoor
963,Main Aurr Mrs Khanna,Salman Khan
964,Blue (2009 film),Akshay Kumar
965,Fruit and Nut (film),Atmaram Bhende
966,Aladin (film),Amitabh Bachchan
967,London Dreams,Salman Khan
968,Jail (2009 film),Manoj Bajpayee
969,Tum Mile,Emraan Hashmi
970,Kurbaan (2009 film),Lewis Tan
971,De Dana Dan,Akshay Kumar
972,Paa (film),Amitabh Bachchan
973,Rocket Singh: Salesman of the Year,Ranbir Kapoor
974,Raat Gayi Baat Gayi?,Aamir Bashir
975,Accident on Hill Road,Farooq Shaikh
976,Chandni Chowk to China,Mithun Chakraborty
977,Dostana (2008 film),Abhishek Bachchan
978,Race (2008 film),Saif Ali Khan
979,Rab Ne Bana Di Jodi,Shah Rukh Khan
980,Ghajini (2008 film),Aamir Khan
981,Singh Is Kinng,Akshay Kumar
982,Golmaal Returns,Ajay Devgn
983,Jodhaa Akbar,Hrithik Roshan
984,Bachna Ae Haseeno,Ranbir Kapoor
985,Bhoothnath,Amitabh Bachchan
986,Sarkar Raj,Amitabh Bachchan
987,Halla Bol,Ajay Devgn
988,Humne Jeena Seekh Liya,Omkar Bhatkar
989,Bombay to Bangkok,Shreyas Talpade
990,Tulsi (film),Manisha Koirala
991,Sunday (2008 film),Ajay Devgn
992,One Two Three,Tusshar Kapoor
993,Krazzy 4,Juhi Chawla
994,U Me Aur Hum,Ajay Devgn
995,Sirf (film),Kay Kay Menon
996,Tashan (film),Akshay Kumar
997,Anamika (2008 film),Dino Morea
998,Jimmy (2008 film),Mimoh Chakraborty
999,Jannat (film),Emraan Hashmi
1000,Don Muthu Swami,Mithun Chakraborty
1001,Woodstock Villa,Sikander Kher
1002,Mere Baap Pehle Aap,Paresh Rawal
1003,Summer 2007,Ahraz Ahmed
1004,De Taali,Aftab Shivdasani
1005,Haal-e-Dil,Amita Pathak
1006,Thodi Life Thoda Magic,Saahil Chadha
1007,Thoda Pyaar Thoda Magic,Saif Ali Khan
1008,Via Darjeeling,Kay Kay Menon
1009,Kismat Konnection,Shahid Kapoor
1010,Love Story 2050,Harman Baweja
1011,Contract (2008 film),Adhvik Mahajan
1012,Mission Istaanbul,Vivek Oberoi
1013,Money Hai Toh Honey Hai,Govinda
1014,God Tussi Great Ho,Amitabh Bachchan
1015,Mumbai Meri Jaan,Paresh Rawal
1016,Maan Gaye Mughal-e-Azam,Mallika Sherawat
1017,Rock On!!,Arjun Rampal
1018,C Kkompany,Tusshar Kapoor
1019,Chamku,Bobby Deol
1020,Mukhbiir,Sammir Dattani
1021,Tahaan,Victor Banerjee
1022,1920 (film),Rajniesh Duggall
1023,The Last Lear,Amitabh Bachchan
1024,Welcome to Sajjanpur,Shreyas Talpade
1025,Saas Bahu Aur Sensex,Kiron Kher
1026,Hari Puttar: A Comedy of Terrors,Jackie Shroff
1027,Drona (2008 film),Jayshree Arora
1028,Hello (2008 film),Sharman Joshi
1029,Karzzzz,Himesh Reshammiya
1030,Heroes (2008 film),Sohail Khan
1031,Roadside Romeo,Saif Ali Khan
1032,Ek Vivaah... Aisa Bhi,Isha Koppikar
1033,Deshdrohi,Kamal Rashid Khan
1034,Fashion (2008 film),Priyanka Chopra
1035,Dasvidaniya,Vinay Pathak
1036,Yuvvraaj,Salman Khan
1037,Oye Lucky! Lucky Oye!,Abhay Deol
1038,Oh My God (2008 film),Vinay Pathak
1039,Sorry Bhai!,Shabana Azmi
1040,1971 (2007 film),Manoj Bajpayee
1041,Meerabai Not Out,Anupam Kher
1042,Wafa: A Deadly Love Story,Rajesh Khanna
1043,Gumnaam – The Mystery,Dino Morea
1044,Dil Kabaddi,Irrfan Khan
1045,Aag (2007 film),Amitabh Bachchan
1046,Aap Kaa Surroor,Himesh Reshammiya
1047,Aggar (film),Tusshar Kapoor
1048,Anwar (2007 film),Nauheed Cyrusi
1049,Aaja Nachle,Madhuri Dixit
1050,Apne,Dharmendra
1051,Awarapan,Emraan Hashmi
1052,Bheja Fry (film),Vinay Pathak
1053,Bhool Bhulaiyaa,Akshay Kumar
1054,Bhram,Dino Morea
1055,Big Brother (2007 film),Sunny Deol
1056,68 Pages,Mouli Ganguly
1057,Aur Pappu Paas Ho Gaya,Krishna Abhishek
1058,Apna Asmaan,Irrfan Khan
1059,Black Friday (2007 film),Kay Kay Menon
1060,The Blue Umbrella (2005 film),Pankaj Kapur
1061,Blood Brothers (2007 Indian film),Jazzy Doe
1062,Buddha Mar Gaya,Mona Ambegaonkar
1063,Cash (2007 film),Ajay Devgn
1064,Cheeni Kum,Amitabh Bachchan
1065,Chhodon Naa Yaar,Jimmy Sheirgill
1066,Darling (2007 Indian film),Fardeen Khan
1067,Chak De! India,Shah Rukh Khan
1068,Dhamaal,Sanjay Dutt
1069,Goal (2007 Hindi film),John Abraham
1070,Dharm (film),Pankaj Kapur
1071,Bombay to Goa (2007 film),Sunil Pal
1072,Dhokha,Muzamil Ibrahim
1073,Dil Dosti Etc,Imaaduddin Shah
1074,Dhol (film),Sharman Joshi
1075,Ek Chalis Ki Last Local,Abhay Deol
1076,Familywala,Arjun Rampal
1077,Gandhi My Father,Akshaye Khanna
1078,Don't Stop Dreaming,Rishi Kapoor
1079,Dus Kahaniyaan,Arbaaz Khan
1080,Eklavya: The Royal Guard,Amitabh Bachchan
1081,Go (2007 film),Gautam Gupta
1082,Gauri: The Unborn,Mohan Azaad
1083,Heyy Babyy,Juanna Sanghvi
1084,Guru (2007 film),Mithun Chakraborty
1085,Honeymoon Travels Pvt. Ltd.,Ranvir Shorey
1086,Jahan Jaaeyega Hamen Paaeyega,Govinda
1087,Jhoom Barabar Jhoom,Abhishek Bachchan
1088,Jab We Met,Shahid Kapoor
1089,Good Boy Bad Boy,Tusshar Kapoor
1090,Fool & Final,Shahid Kapoor
1091,Khoya Khoya Chand,Shiney Ahuja
1092,Johnny Gaddaar,Dharmendra
1093,Just Married (2007 film),Fardeen Khan
1094,Kya Love Story Hai,Tusshar Kapoor
1095,Kudiyon Ka Hai Zamana,Rekha
1096,Hastey Hastey,Jimmy Sheirgill
1097,Laaga Chunari Mein Daag,Rani Mukerji
1098,Life in a... Metro,Dharmendra
1099,Loins of Punjab Presents,Shabana Azmi
1100,Manorama Six Feet Under,Abhay Deol
1101,Marigold (2007 film),Salman Khan
1102,MP3: Mera Pehla Pehla Pyaar,Menekka Arora
1103,Hattrick (film),Nana Patekar
1104,Naqaab,Bobby Deol
1105,Mumbai Salsa,Linda Arsenio
1106,The Namesake (film),Kal Penn
1107,Namastey London,Akshay Kumar
1108,My Bollywood Bride,Jason Lewis
1109,Nehlle Pe Dehlla,Sanjay Dutt
1110,Nishabd,Amitabh Bachchan
1111,No Smoking (2007 film),John Abraham
1112,Om Shanti Om,Shah Rukh Khan
1113,Partner (2007 film),Salman Khan
1114,Raqeeb,Rahul Khanna
1115,Nanhe Jaisalmer,Dwij Yadav
1116,Life Mein Kabhie Kabhiee,Aftab Shivdasani
1117,Risk (2007 film),Vinod Khanna
1118,Shakalaka Boom Boom,Bobby Deol
1119,Red Swastik,Sherlyn Chopra
1120,Salaam-e-Ishq: A Tribute to Love,Salman Khan
1121,Saawariya,Rani Mukerji
1122,Sarhad Paar,Mahima Chaudhry
1123,Say Salaam India,Mandar Jadhav
1124,Red: The Dark Side,Aftab Shivdasani
1125,Shootout at Lokhandwala,Amitabh Bachchan
1126,Strangers (2007 Hindi film),Jimmy Sheirgill
1127,Swami (2007 film),Manoj Bajpayee
1128,Taare Zameen Par,Darsheel Safary
1129,Ta Ra Rum Pum,Saif Ali Khan
1130,Speed (2007 film),Urmila Matondkar
1131,Traffic Signal (film),Kunal Khemu
1132,The Train (2007 film),Emraan Hashmi
1133,Showbiz (film),Tushar Jalota
1134,Sunglass (film),Jaya Bachchan
1135,Welcome (2007 film),Akshay Kumar
1136,36 China Town,Akshaye Khanna
1137,Zamaanat,Jeetendra
1138,Aap Ki Khatir (2006 film),Akshaye Khanna
1139,Ahista Ahista (2006 film),Abhay Deol
1140,Aksar,Emraan Hashmi
1141,Alag,Akshay Kapoor
1142,Anthony Kaun Hai?,Sanjay Dutt
1143,Apna Sapna Money Money,Bobby Darling
1144,Ankahee (2006 film),Aftab Shivdasani
1145,Yatra (2007 film),Rekha
1146,Baabul (2006 film),Amitabh Bachchan
1147,Aisa Kyon Hota Hai?,Rati Agnihotri
1148,Adharm (2006 film),Rahul Dev
1149,Being Cyrus,Naseeruddin Shah
1150,Banaras (2006 film),Urmila Matondkar
1151,Bas Ek Pal,Juhi Chawla
1152,Bhagam Bhag,Akshay Kumar
1153,Chingaari,Sushmita Sen
1154,Bhoot Unkle,Jackie Shroff
1155,Chand Ke Paar Chalo (film),Somesh Agarwal
1156,Aryan: Unbreakable,Sohail Khan
1157,Chup Chup Ke,Kareena Kapoor
1158,Corporate (2006 film),Bipasha Basu
1159,Darna Zaroori Hai,Amitabh Bachchan
1160,Deadline: Sirf 24 Ghante,Rajit Kapoor
1161,Dil Diya Hai,Emraan Hashmi
1162,Darwaaza Bandh Rakho,Ishrat Ali
1163,Eight: The Power of Shani,Raj Tara
1164,Dhoom 2,Hrithik Roshan
1165,Dor (film),Ayesha Takia
1166,Don (2006 Hindi film),Shah Rukh Khan
1167,Family (2006 film),Amitabh Bachchan
1168,Fanaa (2006 film),Aamir Khan
1169,Gangster (2006 film),Kangana Ranaut
1170,Golmaal: Fun Unlimited,Ajay Devgn
1171,Devaki (2005 film),Ram Kapoor
1172,Fight Club – Members Only,Sunil Shetty
1173,Dharti Kahe Pukar Ke (2006 film),Ajay Devgn
1174,Humko Deewana Kar Gaye,Akshay Kumar
1175,Humko Tumse Pyaar Hai,Arjun Rampal
1176,I See You (2006 film),Arjun Rampal
1177,Jaane Hoga Kya,Aftab Shivdasani
1178,Jaan-E-Mann,Salman Khan
1179,Jawani Diwani: A Youthful Joyride,Emraan Hashmi
1180,Holiday (2006 film),Onjolee Nair
1181,Iqraar by Chance,Amarjeet
1182,Khosla Ka Ghosla,Anupam Kher
1183,Kabhi Alvida Naa Kehna,Amitabh Bachchan
1184,Love Ke Chakkar Mein,Rishi Kapoor
1185,Lage Raho Munna Bhai,Sanjay Dutt
1186,Kabul Express,John Abraham
1187,Jigyaasa,Nassar Abdulla
1188,Krrish,Rekha
1189,Malamaal Weekly,Paresh Rawal
1190,Omkara (2006 film),Ajay Devgn
1191,Pyaar Ke Side Effects,Rahul Bose
1192,Naksha,Sunny Deol
1193,Phir Hera Pheri,Akshay Kumar
1194,Pyare Mohan,Fardeen Khan
1195,Mere Jeevan Saathi (2006 film),Akshay Kumar
1196,Prateeksha,Jeetendra
1197,Sacred Evil – A True Story,Sarika
1198,Rang De Basanti,Aamir Khan
1199,Shaadi Karke Phas Gaya Yaar,Salman Khan
1200,Sandwich (2006 film),Govinda
1201,Shaadi Se Pehle,Akshaye Khanna
1202,Saawan... The Love Season,Salman Khan
1203,Shiva (2006 film),Mohit Ahlawat
1204,Souten: The Other Woman,Mahima Chaudhry
1205,Shikhar (film),Ajay Devgn
1206,Children of Heaven,Mohammad Amir Naji
1207,Tathastu,Sanjay Dutt
1208,The Killer (2006 film),Irrfan Khan
1209,Umrao Jaan (2006 film),Aishwarya Rai Bachchan
1210,Taxi No. 9211,Nana Patekar
1211,Teesri Aankh: The Hidden Camera,Sunny Deol
1212,Vivah,Shahid Kapoor
1213,Utthaan,Priyanshu Chatterjee
1214,Waris Shah: Ishq Daa Waaris,Gurdas Maan
1215,Woh Lamhe...,Kangana Ranaut
1216,Yun Hota Toh Kya Hota,Paresh Rawal
1217,Umar (film),Jimmy Sheirgill
1218,Zindaggi Rocks,Sushmita Sen
1219,Tom Dick and Harry (2006 film),Rakesh Bedi
1220,Aashiq Banaya Aapne,Emraan Hashmi
1221,Anjaane (2005 film),Manisha Koirala
1222,Apaharan,Ajay Devgn
1223,Bachke Rehna Re Baba,Rekha
1224,7½ Phere,Juhi Chawla
1225,Barsaat (2005 film),Bobby Deol
1226,Bewafaa (2005 film),Anil Kapoor
1227,Black (2005 film),Amitabh Bachchan
1228,Zinda (film),Sanjay Dutt
1229,Bluffmaster!,Abhishek Bachchan
1230,99.9 FM (film),Shawar Ali
1231,Bhola in Bollywood,Ali Asgar
1232,Bhagmati (2005 film),Tabu
1233,Blackmail (2005 film),Ajay Devgn
1234,Bunty Aur Babli,Abhishek Bachchan
1235,Chaahat – Ek Nasha,Aryan Vaid
1236,Chetna: The Excitement,Jatin Grewal
1237,Chand Sa Roshan Chehra,Samir Aftab
1238,Chocolate (2005 film),Anil Kapoor
1239,D (film),Randeep Hooda
1240,Deewane Huye Paagal,Akshay Kumar
1241,Bullet: Ek Dhamaka,Saayli Buva
1242,Chehraa,Bipasha Basu
1243,Dil Jo Bhi Kahey...,Amitabh Bachchan
1244,Dosti: Friends Forever,Akshay Kumar
1245,Classic – Dance of Love,Mithun Chakraborty
1246,Dus,Sanjay Dutt
1247,Elaan (2005 film),Arjun Rampal
1248,Fareb (2005 film),Shilpa Shetty Kundra
1249,Ek Ajnabee,Amitabh Bachchan
1250,Fun – Can Be Dangerous Sometimes,Siddharth Koirala
1251,Ek Khiladi Ek Haseena (film),Fardeen Khan
1252,Double Cross (2005 film),Ayesha Jhulka
1253,Dreams (2006 film),Aseel Adel
1254,Home Delivery,Vivek Oberoi
1255,Garam Masala (2005 film),Akshay Kumar
1256,Iqbal (film),Shreyas Talpade
1257,Jai Chiranjeeva,Chiranjeevi
1258,Hazaaron Khwaishein Aisi,Kay Kay Menon
1259,Insan,Akshay Kumar
1260,Jo Bole So Nihaal (film),Sunny Deol
1261,Karam (film),John Abraham
1262,Kaal (2005 film),Ajay Devgn
1263,Kalyug (2005 film),Kunal Khemu
1264,Kasak (2005 film),Lucky Ali
1265,Hanuman (2005 film),Mukesh Khanna
1266,James (2005 film),Mohit Ahlawat
1267,Kisna: The Warrior Poet,Vivek Oberoi
1268,Koi Aap Sa,Aftab Shivdasani
1269,Khamoshh... Khauff Ki Raat,Shilpa Shetty Kundra
1270,Jurm (2005 film),Kamal Adib
1271,Kuchh Meetha Ho Jaye,Arshad Warsi
1272,Kyaa Kool Hai Hum,Tusshar Kapoor
1273,Lucky: No Time for Love,Salman Khan
1274,Main Aisa Hi Hoon,Ajay Devgn
1275,Kyon Ki,Salman Khan
1276,Main Meri Patni Aur Woh,Rajpal Yadav
1277,Maine Gandhi Ko Nahin Mara,Anupam Kher
1278,Maine Pyaar Kyun Kiya?,Salman Khan
1279,Mangal Pandey: The Rising,Aamir Khan
1280,Koi Mere Dil Mein Hai,Dia Mirza
1281,Mr Prime Minister,Dev Anand
1282,My Brother…Nikhil,Sanjay Suri
1283,My Wife's Murder,Anil Kapoor
1284,Naina (2005 film),Urmila Matondkar
1285,Neal 'n' Nikki,Uday Chopra
1286,No Entry,Anil Kapoor
1287,Padmashree Laloo Prasad Yadav,Sunil Shetty
1288,Page 3 (film),Konkona Sen Sharma
1289,Morning Raga,Shabana Azmi
1290,Parineeta (2005 film),Saif Ali Khan
1291,Pehchaan: The Face of Truth,Vinod Khanna
1292,Paheli,Shah Rukh Khan
1293,Rog,Irrfan Khan
1294,Pyaar Mein Twist,Rishi Kapoor
1295,Salaam Namaste,Saif Ali Khan
1296,Revati (film),Kashmira Shah
1297,Sarkar (2005 film),Amitabh Bachchan
1298,Sehar,Arshad Warsi
1299,Shabd (film),Sanjay Dutt
1300,Shabnam Mausi,Ashutosh Rana
1301,Sheesha (2005 film),Neha Dhupia
1302,Ramji Londonwaley,Madhavan
1303,Silsiilay,Tabu
1304,Socha Na Tha,Abhay Deol
1305,Taj Mahal: An Eternal Love Story,Zulfi Sayed
1306,Tango Charlie,Ajay Devgn
1307,The Film,Nassar Abdulla
1308,Vaada (film),Arjun Rampal
1309,Vaah! Life Ho Toh Aisi!,Shahid Kapoor
1310,Ssukh,Aarti Chhabria
1311,Shaadi No. 1,Fardeen Khan
1312,Viruddh... Family Comes First,Amitabh Bachchan
1313,Waqt: The Race Against Time,Amitabh Bachchan
1314,Vidyaarthi,Vikram Aditya
1315,Yakeen (2005 film),Arjun Rampal
1316,Zeher,Emraan Hashmi
1317,Veer-Zaara,Shah Rukh Khan
1318,Main Hoon Na,Shah Rukh Khan
1319,Zameer: The Fire Within,Ajay Devgn
1320,Mujhse Shaadi Karogi,Salman Khan
1321,Dhoom,Abhishek Bachchan
1322,Khakee,Amitabh Bachchan
1323,Hum Tum,Saif Ali Khan
1324,Hulchul (2004 film),Akshaye Khanna
1325,Murder (2004 film),Mallika Sherawat
1326,Yuva,Ajay Devgn
1327,Aitraaz,Akshay Kumar
1328,Aetbaar,Amitabh Bachchan
1329,Ab Tumhare Hawale Watan Saathiyo,Amitabh Bachchan
1330,Aan: Men at Work,Shatrughan Sinha
1331,Bardaasht,Bobby Deol
1332,Chameli (film),Kareena Kapoor
1333,Agnipankh,Jimmy Sheirgill
1334,Asambhav,Arjun Rampal
1335,Charas (2004 film),Jimmy Sheirgill
1336,Deewaar (2004 film),Amitabh Bachchan
1337,Dev (2004 film),Amitabh Bachchan
1338,Dil Maange More,Shahid Kapoor
1339,Dil Ne Jise Apna Kahaa,Salman Khan
1340,Dobara,Jackie Shroff
1341,Aabra Ka Daabra,Naveen Bawa
1342,Dil Bechara Pyaar Ka Maara,Vikaas Kalantari
1343,Gayab,Tusshar Kapoor
1344,Fida,Kareena Kapoor
1345,Garv: Pride & Honour,Salman Khan
1346,Ek Se Badhkar Ek (2004 film),Sunil Shetty
1347,Ek Hasina Thi (film),Saif Ali Khan
1348,Girlfriend (2004 film),Isha Koppikar
1349,Hatya (2004 film),Akshay Kumar
1350,Hava Aney Dey,Aniket Vishwasrao
1351,Hawas (2004 film),Shawar Ali
1352,Hyderabad Blues 2,Tisca Chopra
1353,Julie (2004 film),Neha Dhupia
1354,Kaun Hai Jo Sapno Mein Aaya,Raqesh Bapat
1355,Inteqam: The Perfect Game,Manoj Bajpayee
1356,Kis Kis Ki Kismat,Mallika Sherawat
1357,Insaaf: The Justice,Dino Morea
1358,I Proud to Be an Indian,Sohail Khan
1359,Khamosh Pani,Kiron Kher
1360,Kismat (2004 film),Bobby Deol
1361,Lakeer – Forbidden Lines,Sunny Deol
1362,Krishna Cottage,Sohail Khan
1363,Kyun! Ho Gaya Na...,Amitabh Bachchan
1364,Madhoshi,Bipasha Basu
1365,Lakshya (film),Hrithik Roshan
1366,Ishq Hai Tumse,Dino Morea
1367,Maqbool,Irrfan Khan
1368,Masti (2004 film),Aftab Shivdasani
1369,Meenaxi: A Tale of Three Cities,Tabu
1370,Musafir (2004 film),Anil Kapoor
1371,Mughal-e-Azam,Prithviraj Kapoor
1372,Muskaan,Aftab Shivdasani
1373,Meri Biwi Ka Jawaab Nahin,Akshay Kumar
1374,Naach (2004 film),Antara Mali
1375,Netaji Subhas Chandra Bose: The Forgotten Hero,Vinay Anand
1376,Paap,John Abraham
1377,Phir Milenge,Salman Khan
1378,Plan (film),Sanjay Dutt
1379,Police Force: An Inside Story,Akshay Kumar
1380,Paisa Vasool,Manisha Koirala
1381,Popcorn Khao! Mast Ho Jao,Akshay Kapoor
1382,Rakht,Sanjay Dutt
1383,Raincoat (film),Ajay Devgn
1384,Rudraksh (film),Sanjay Dutt
1385,Shaadi Ka Laddoo,Sanjay Suri
1386,Run (2004 film),Abhishek Bachchan
1387,Rok Sako To Rok Lo,Sunny Deol
1388,Suno Sasurjee,Aftab Shivdasani
1389,Swades,Shah Rukh Khan
1390,Taarzan: The Wonder Car,Vatsal Sheth
1391,Nothing but Life,Madhavan
1392,Shart: The Challenge,Tusshar Kapoor
1393,Tumsa Nahin Dekha: A Love Story,Emraan Hashmi
1394,Vaastu Shastra (film),Vicky Ahuja
1395,Yeh Lamhe Judaai Ke,Shah Rukh Khan
1396,Sheen (film),Tarun Arora
1397,Dude Where's the Party?,Diwakar Pathak
1398,Thoda Tum Badlo Thoda Hum,Arya Babbar
1399,Koi... Mil Gaya,Rekha
1400,Kal Ho Naa Ho,Shah Rukh Khan
1401,Shukriya: Till Death Do Us Apart,Anupam Kher
1402,Chalte Chalte (2003 film),Shah Rukh Khan
1403,The Hero: Love Story of a Spy,Sunny Deol
1404,Baghban (2003 film),Amitabh Bachchan
1405,Main Prem Ki Diwani Hoon,Hrithik Roshan
1406,LOC Kargil,Sanjay Dutt
1407,Border (1997 film),Sanjay Dutt
1408,Munna Bhai M.B.B.S.,Sanjay Dutt
1409,Qayamat: City Under Threat,Ajay Devgn
1410,88 Antop Hill,Atul Kulkarni
1411,3 Deewarein,Naseeruddin Shah
1412,Aanch,Arun Bakshi
1413,Aapko Pehle Bhi Kahin Dekha Hai,Priyanshu Chatterjee
1414,Bhoot (film),Ajay Devgn
1415,Boom (film),Amitabh Bachchan
1416,Aaj Ka Andha Kanoon,Sudesh Berry
1417,Andaaz,Akshay Kumar
1418,Andaaz,Akshay Kumar
1419,Armaan (2003 film),Amitabh Bachchan
1420,Chori Chori (2003 film),Ajay Devgn
1421,Calcutta Mail,Anil Kapoor
1422,Baaz: A Bird in Danger,Jackie Shroff
1423,Basti (film),Sadashiv Amrapurkar
1424,Magic Magic 3D,Sooraj Balaji
1425,Dil Ka Rishta,Arjun Rampal
1426,Darna Mana Hai,Sameera Reddy
1427,Dhoop,Om Puri
1428,Dhund (2003 film),Amar Upadhyaya
1429,Chura Liyaa Hai Tumne,Zayed Khan
1430,The Bypass,Nawazuddin Siddiqui
1431,Dum (2003 Hindi film),Vivek Oberoi
1432,Dil Pardesi Ho Gayaa,Kapil Jhaveri
1433,Ek Alag Mausam,Nandita Das
1434,Footpath (2003 film),Aftab Shivdasani
1435,Escape from Taliban,Manisha Koirala
1436,Ek Din 24 Ghante,Rahul Bose
1437,Gangaajal,Ajay Devgn
1438,Hawa (film),Tabu
1439,Haasil,Jimmy Sheirgill
1440,Ek Aur Ek Gyarah,Sanjay Dutt
1441,Hungama (2003 film),Akshaye Khanna
1442,Green Card Fever,Vikram Dasu
1443,Flavors (film),Reef Karim
1444,Indian Babu,Jaz Pandher
1445,Fun2shh... Dudes in the 10th Century,Rushali Arora
1446,Inteha (2003 film),Ashmit Patel
1447,Jaal: The Trap,Sunny Deol
1448,Ishq Vishk,Shahid Kapoor
1449,Hawayein,Babbu Mann
1450,Jajantaram Mamantaram,Javed Jaffrey
1451,Jism (2003 film),Bipasha Basu
1452,Jhankaar Beats,Sanjay Suri
1453,Kagaar: Life on the Edge,Om Puri
1454,Kash Aap Hamare Hote,Juhi Babbar
1455,Khel – No Ordinary Game,Sunny Deol
1456,Janasheen,Feroz Khan
1457,Kaise Kahoon Ke... Pyaar Hai,Amit Hingorani
1458,Khushi (2003 Hindi film),Fardeen Khan
1459,Khwahish,Himanshu Malik
1460,Kucch To Hai,Tusshar Kapoor
1461,Kuch Naa Kaho,Aishwarya Rai Bachchan
1462,Main Madhuri Dixit Banna Chahti Hoon,Antara Mali
1463,Joggers' Park (film),Victor Banerjee
1464,Market (2003 film),Manisha Koirala
1465,Om (2003 film),Attin Bhalla
1466,Out of Control (2003 film),Riteish Deshmukh
1467,Mumbai Matinee,Rahul Bose
1468,Matrubhoomi,Tulip Joshi
1469,Parwana (2003 film),Ajay Devgn
1470,Pinjar (film),Urmila Matondkar
1471,Mumbai Se Aaya Mera Dost,Abhishek Bachchan
1472,Saaya (2003 film),John Abraham
1473,Samay: When Time Strikes,Sushmita Sen
1474,Nayee Padosan,Vikas Kalantri
1475,Satta (film),Raveena Tandon
1476,Sssshhh...,Tanishaa Mukerji
1477,Praan Jaye Par Shaan Na Jaye,Raveena Tandon
1478,Raghu Romeo,Vijay Raaz
1479,Stumped (film),Raveena Tandon
1480,Rules: Pyaar Ka Superhit Formula,Tanuja
1481,Right Here Right Now (film),Ankit
1482,Raja Bhaiya (film),Sadashiv Amrapurkar
1483,Tere Naam,Salman Khan
1484,Tujhe Meri Kasam,Riteish Deshmukh
1485,Talaash: The Hunt Begins...,Rakhee Gulzar
1486,Tehzeeb (2003 film),Shabana Azmi
1487,The Pink Mirror,Edwin Fernandes
1488,Yeh Dil,Tusshar Kapoor
1489,Xcuse Me,Sharman Joshi
1490,Raaz (2002 film),Dino Morea
1491,Zameen (2003 film),Ajay Devgn
1492,Waisa Bhi Hota Hai Part II,Arshad Warsi
1493,Devdas (2002 Hindi film),Shah Rukh Khan
1494,Kaante,Amitabh Bachchan
1495,Hum Tumhare Hain Sanam,Shah Rukh Khan
1496,Aankhen (2002 film),Amitabh Bachchan
1497,Saathiya (film),Vivek Oberoi
1498,Company (film),Ajay Devgn
1499,Awara Paagal Deewana,Akshay Kumar
